ENERGY,NELE_1,NELE_2,NELE_3,NELE_4,NELE_5,NELE_6,NELE_7,NELE_8
0.0,0.0,0.0,0.0,0.0,0.0,0.0,0.0,0.0
1.0,0.0,0.0,1.1457789570463088e-24,8.627603293009438e-21,4.264214402622283e-23,2.2415207979288333e-23,4.986728802823172e-22,2.1609627071720943e-23
2.0,2.02323604741589e-22,5.000126399906383e-23,8.612963922419481e-23,6.180970935600804e-22,1.3984330166397295e-22,1.2804584669498705e-18,2.4384053648108465e-22,3.2813139548844837e-23
3.0,1.6995176221274984e-22,2.0536853842155546e-21,1.19309793303268e-21,8.025043928257935e-22,7.391779050755968e-22,2.4639494619252572e-21,1.215078204754101e-21,2.492704128869821e-23
4.0,1.786245310062633e-21,1.197504887066381e-20,5.22304827701336e-22,5.227851734192977e-22,6.4007737221892455e-19,3.430683737353256e-21,1.2895062004348264e-21,3.099217417180265e-23
5.0,1.163138848497886e-21,2.431555741770127e-21,6.479714597043764e-21,8.648496515396881e-22,2.4365522040686444e-20,2.984275434473557e-11,6.008631164487798e-22,4.159760292414352e-23
6.0,2.644287511262625e-21,3.7930366392170444e-21,9.83730135592333e-22,2.746246848106835e-21,3.872463645215215e-21,5.579163804373955e-21,2.1687616997127325e-21,4.417664802529936e-23
7.0,3.25245825485424e-21,3.7529003459541203e-20,2.635433753443852e-21,4.327795314766414e-20,2.6781000712857875e-20,2.4716767325683016e-21,1.3468146068330502e-21,4.773374678404985e-23
8.0,1.1457065228510182e-20,5.9604247532032795e-21,7.724843398909314e-20,6.062732239834472e-21,3.0116690365778067e-21,2.44811565741223e-19,9.898457177183453e-22,5.0824557934405216e-23
9.0,1.5513174093649879e-19,2.2481025556593925e-20,9.74797907665343e-21,4.5363886289450506e-20,3.636691681795777e-20,1.284874470838957e-20,3.1386931567434497e-21,5.331349024763736e-23
10.0,2.2216566012046086e-20,7.902623580565303e-21,1.5528625444645887e-17,7.302029355596037e-19,9.570120648490158e-21,6.370112770838611e-21,8.935158753082128e-22,5.493141968256815e-23
11.0,4.6698398745947666e-18,6.858186038128028e-20,5.005219916493833e-20,1.2734910053349784e-20,7.345021775554479e-21,7.401326117609527e-21,6.889632916194116e-22,5.647545694414439e-23
12.0,1.8261293317519121e-19,2.0530872835470068e-20,1.6405744521842683e-20,5.96364581869903e-21,3.6877244678693195e-21,3.391593326908259e-21,2.614134357710532e-21,5.733447136552548e-23
13.0,4.23159425253562e-20,1.1050871561003304e-20,8.50390489032503e-21,3.862474767417431e-21,5.817571495434403e-19,2.3014907191993416e-21,8.870420000323004e-22,1.4044732724643663e-21
14.0,4.530612273806296e-19,1.5474380769272513e-18,7.252035902858027e-19,3.291525511338998e-19,4.2390609424068667e-19,1.5438768345080082e-19,6.91258295078208e-22,7.063188240294554e-22
15.0,9.797195338016263e-20,1.8379033194546823e-19,1.1597927054314678e-19,1.1462583918498852e-19,3.609478043367552e-20,2.3235939914642193e-20,5.96746141335683e-22,5.148202507024231e-22
16.0,4.620232827668343e-20,6.386601308889702e-20,4.35889606916954e-20,3.9881352267958977e-20,2.6010192408777574e-20,1.961582323530705e-20,5.352325465837944e-22,4.242278954443724e-22
17.0,2.751622823960598e-20,3.188534662217395e-20,2.2964039740826552e-20,2.0600968735307105e-20,6.731950770772276e-20,3.943183334833681e-20,4.898554233780217e-22,3.706087517962765e-22
18.0,8.042558002483029e-18,1.9238687215808085e-20,1.4359501518894675e-20,1.290799119524847e-20,1.536461384254703e-20,7.859835660759e-21,4.543181643813253e-22,3.3456995151439176e-22
19.0,6.469931722132696e-19,2.754516422686769e-18,9.955787893817817e-21,8.955104715541478e-21,9.019337277457074e-21,9.569983508306767e-21,4.478435824107089e-22,3.0834965213585073e-22
20.0,2.1518602023216768e-19,4.070895689327153e-19,3.709709981900107e-18,6.637841412335797e-21,6.319779084656916e-21,5.752311886185478e-21,4.064904183696974e-22,2.8786180923616306e-22
21.0,1.0473728668802252e-19,1.5703226649546947e-19,6.843738735964426e-19,5.156187757438521e-21,4.826242959816951e-21,7.312634859620821e-21,3.8219511703901946e-22,2.7146036201120694e-22
22.0,6.156688899334584e-20,8.190991677455356e-20,2.4133014877909504e-19,9.731256525071318e-19,3.851162856868723e-21,1.4498423967152104e-20,3.6148626649734923e-22,2.576506402647837e-22
23.0,4.0509761873344984e-20,5.004027373479328e-20,1.1900410791136474e-19,9.46122661558804e-19,3.175838084179222e-21,5.939464499650949e-21,3.434416563402644e-22,2.4588938870181885e-22
24.0,2.871998875732816e-20,3.370354502474593e-20,6.886296157761408e-20,2.270269778693978e-19,2.6836679630413257e-21,4.0709804366935906e-21,3.2735840890425254e-22,2.3539143094461494e-22
25.0,3.3747045131680294e-18,2.425142687541901e-20,4.410854983114363e-20,1.1594239671767166e-19,1.4267321108567572e-18,3.1867207175046414e-21,3.1257180079341223e-22,2.2622185699360557e-22
26.0,8.568385829775653e-19,1.8302150459640543e-20,3.034704986439207e-20,2.8605294249254397e-19,1.4742994710485434e-19,2.6470143375428866e-21,2.9945359975565986e-22,2.179460376673643e-22
27.0,3.7345366287783356e-19,4.032470233422154e-17,2.202224420532467e-20,6.307995046785781e-20,6.061722373140991e-20,2.2736551581879262e-21,2.8729745289271263e-22,2.103950541427813e-22
28.0,2.0437571696744327e-19,4.239905363122154e-18,1.6654213758589636e-20,3.295542013063288e-20,3.330534124544126e-20,1.9959935112684984e-21,2.757708796882949e-22,2.0344360623280394e-22
29.0,1.2718067787663818e-19,1.3862343898737112e-18,1.3014536418743051e-20,1.7226516372952322e-19,1.0053890441856485e-19,1.779548896144297e-21,3.2974145219050155e-19,1.969967174553309e-22
30.0,8.601189155424427e-20,6.243209245768148e-19,1.0444634148522331e-20,3.083896537950427e-20,3.786550706440712e-20,1.608551367008792e-21,1.385611576081574e-20,1.9088260115555947e-22
31.0,6.167812842404316e-20,3.3393049871464023e-19,2.358185611772651e-17,1.6608855849898092e-20,2.3825523844901723e-20,1.4644344188493505e-21,3.7615285268230094e-20,1.8524236267825153e-22
32.0,4.619781271195252e-20,1.9967945068919587e-19,3.736694302940879e-18,1.1785615472712045e-20,1.7090937834008604e-20,1.342778216135707e-21,1.696651933971878e-20,1.7992938919694102e-22
33.0,3.5789172098804704e-20,1.2925200934423366e-19,1.6108782173746696e-18,9.188646702199793e-21,2.376761260821364e-19,1.2388189571877216e-21,1.1080096786666057e-20,1.749063001820258e-22
34.0,2.848105526781468e-20,8.879818467413432e-20,6.808499094350707e-19,7.490004686080927e-21,3.572461624340798e-20,1.1489299625752318e-21,8.206822370293792e-21,1.7014238318559217e-22
35.0,3.5331361659553084e-16,6.390595809899028e-20,3.6496142869037594e-19,6.277337734906717e-21,1.9041537542946374e-20,1.0703943881926768e-21,6.4898677779604234e-21,1.6541393763930398e-22
36.0,2.0163047552537924e-17,4.773524377873361e-20,2.1973016858078133e-19,5.3645570019930915e-21,1.3085100331033262e-20,5.1776518184630595e-20,5.345634333744206e-21,1.609045709061838e-22
37.0,5.610325651394032e-18,3.675859207933916e-20,1.429947830628394e-19,4.65352079453979e-21,9.986968967309744e-21,3.4103249936617396e-21,4.5279071740281326e-21,1.5679028428399134e-22
38.0,2.3000883565480915e-18,2.903144324038161e-20,9.855689113139403e-20,5.535068979589113e-19,8.060993450019975e-21,1.7763278847508162e-21,3.915022660435005e-21,1.526591606603457e-22
39.0,1.1533234377730386e-18,2.342351465621326e-20,7.102622213636633e-20,3.893832593169416e-17,6.736088156441423e-21,1.3086187381290359e-21,3.438713222148525e-21,1.487938861508571e-22
40.0,6.567955567146693e-19,1.924571083204172e-20,5.305077154539446e-20,1.5166103643890772e-18,5.7642550364626534e-21,1.0887358840956876e-21,3.0585547863631534e-21,1.451818259589756e-22
41.0,4.087471306233369e-19,1.6062432164646176e-20,4.080689477354769e-20,5.218832288187546e-19,5.0195086029021846e-21,9.560210633889934e-22,2.7482945749027306e-21,1.417113679705965e-22
42.0,2.7166590969869915e-19,2.0732402845565152e-16,3.2170319384403785e-20,4.939726565899185e-19,4.430424535812043e-21,8.646150776706041e-22,2.4904167766655673e-21,1.3837323931664745e-22
43.0,1.8996046080019353e-19,3.687322999282588e-17,2.589617040341137e-20,2.304876624231529e-19,3.952976005348908e-21,7.958335289360218e-22,2.2729361155957988e-21,1.3515916168205458e-22
44.0,1.3830420540281197e-19,7.945624614855051e-18,2.1222173712439885e-20,1.845845899197583e-18,3.558438163849111e-21,7.4066498397909e-22,2.087093188721634e-21,1.3206169981433875e-22
45.0,1.0406270669399744e-19,3.4047494073455547e-18,1.766383058576175e-20,1.3395493514762874e-19,3.2272769190836995e-21,6.948196323975091e-22,1.9268249503697863e-21,1.2907413850257824e-22
46.0,8.046476307269513e-20,1.7497367786075725e-18,1.4902738668616446e-20,2.2945429967016537e-18,2.9459593409117217e-21,6.554482451422606e-22,1.787056253944612e-21,1.2619038191142987e-22
47.0,6.366389615762851e-20,1.0086072270317713e-18,1.272408794555337e-20,1.4718238215787681e-19,2.704196682963785e-21,6.208987050137319e-22,1.6641321816023605e-21,1.2340487060460953e-22
48.0,5.1367194460991076e-20,6.303638303692483e-19,1.0979072344723961e-20,7.609335989316551e-20,2.4976720354019222e-21,5.904812411580484e-22,1.5555061707854244e-21,1.2071251266914777e-22
49.0,4.215059277282765e-20,4.1857049307349136e-19,9.562831070619999e-21,5.112031773535426e-20,2.311083790342495e-21,1.7692319177351444e-19,1.4587334858507245e-21,1.1810862615875687e-22
50.0,3.509859564219476e-20,2.913960480239305e-19,8.399627885418753e-21,3.800891204211672e-20,2.149211350123182e-21,3.6500481143048566e-20,1.3720137013503986e-21,1.1548932728325164e-22
51.0,2.960434590957714e-20,2.1072573502852888e-19,7.43400352341971e-21,2.98233260572722e-20,2.0058344824863662e-21,1.7787375536223044e-20,1.2938899406114724e-21,1.1305223634356982e-22
52.0,2.525491542331281e-20,1.5723370350514735e-19,6.624451565980955e-21,2.421230093784776e-20,1.8779339709104263e-21,1.782275450752219e-19,1.2230754056580188e-21,1.106915008592598e-22
53.0,2.176244028328974e-20,1.2043800649912897e-19,5.939682193404927e-21,2.0136142573461952e-20,2.0445803880228993e-21,7.928717329384909e-20,1.1587906201730387e-21,1.0840366568853437e-22
54.0,1.892221375391975e-20,9.433325750009157e-20,5.3557359149775475e-21,1.7055082613369893e-20,1.6655069417401918e-21,3.2319736596472068e-18,1.100118449011292e-21,1.0618550569137208e-22
55.0,4.558836710868917e-16,7.531828214969813e-20,3.411644981641916e-17,1.4657069922781644e-20,1.5677129166633014e-21,3.097920243123848e-19,1.0462694195718401e-21,1.0383711706803247e-22
56.0,7.135745601643655e-17,6.114723819532352e-20,7.612658487452065e-18,1.2748189573248973e-20,1.9206365938403137e-19,1.5219647998774168e-19,9.96769752237433e-22,1.0155553332708516e-22
57.0,2.3194654341318025e-17,5.037408892399837e-20,2.809276079188736e-18,1.1200446309458202e-20,3.4844504588304e-20,9.619164812478455e-20,9.512218269147774e-22,9.953846159639717e-23
58.0,1.0076634157077777e-17,4.203883809359172e-20,1.3765334163681188e-18,9.926516549024386e-21,1.4291603702206718e-20,6.792176255730985e-20,9.09110549935199e-22,9.757976099979572e-23
59.0,5.1685236338187424e-18,3.548833302420319e-20,2.5699361438316085e-18,8.864207384131228e-21,7.963017804652416e-21,5.113099888059892e-20,8.701647393197357e-22,9.567708519357476e-23
60.0,2.9588398710205014e-18,3.02680200633021e-20,7.704100302628067e-19,7.968626774747276e-21,5.604269978255561e-21,4.0157480348846354e-20,8.336757204907832e-22,9.382821919142531e-23
61.0,1.8327113516302845e-18,2.6055250983328075e-20,4.383828918601631e-19,7.205844875627616e-21,4.0416496878634685e-21,3.2514614704067315e-20,7.999673527800049e-22,9.203106902751787e-23
62.0,1.2048819321526417e-18,2.2616674023591814e-20,2.9015450665004377e-19,6.550751249620167e-21,3.1293517386174052e-21,2.6942555179827037e-20,7.683044208394972e-22,9.028365252436994e-23
63.0,8.300704137033592e-19,1.978139099553472e-20,2.0646962335924618e-19,5.98398031969489e-21,2.5503355483465247e-21,2.273690550183765e-20,7.388731406117801e-22,8.858409101668673e-23
64.0,5.938780074453774e-19,1.7421285498679895e-20,1.5383789049115918e-19,5.489945848993512e-21,2.1556757316291115e-21,1.9474745247709222e-20,7.111894450841499e-22,8.683063307191071e-23
65.0,4.383585417645299e-19,1.5439858070491272e-20,1.1851159589132232e-19,5.0566691349182464e-21,1.87182024567949e-21,1.688758813660213e-20,6.851942244391199e-22,8.522294938630343e-23
66.0,3.3216023699572895e-19,1.3763188809290107e-20,9.369869001370757e-20,4.674577904495003e-21,1.6587974818394837e-21,1.4797575032760116e-20,6.603489493736217e-22,8.36580026198206e-23
67.0,2.5737867571690727e-19,1.2333570536471359e-20,7.56576007311273e-20,4.335861950042976e-21,1.4933194571648979e-21,1.3083466407113467e-20,6.373236448969891e-22,8.213426151847649e-23
68.0,2.033165358661003e-19,1.1106678162539842e-20,6.217305321059262e-20,4.033957656622634e-21,2.6497656136200716e-21,1.1658384499411013e-20,6.155942301227442e-22,8.065026748546881e-23
69.0,1.6333281233999482e-19,1.0047565529151607e-20,5.186102938388105e-20,3.763833889140423e-21,1.2548439890744052e-21,1.0459997084129836e-20,5.949611581319824e-22,7.910495132801524e-23
70.0,1.3316647829436164e-19,9.127474082372763e-21,4.38210305947918e-20,3.521057535627004e-21,1.1627002214251016e-21,9.441806333863074e-21,5.756314220820576e-22,7.769851594549015e-23
71.0,1.10003102057961e-19,8.324181191363736e-21,3.744692738145132e-20,3.3018206928771373e-21,1.0855840862618127e-21,8.56908892037318e-21,5.573184463896285e-22,7.632778049587532e-23
72.0,9.193668984273871e-20,7.618969204087078e-21,3.231927760253233e-20,3.1033881462633142e-21,1.0191629816783988e-21,7.81487003009599e-21,5.398482821889278e-22,7.49915369726765e-23
73.0,7.764734428598155e-20,6.997094247875978e-21,2.814101785735312e-20,2.922999186402293e-21,9.611406052674876e-22,7.158527169489724e-21,5.23153628130788e-22,7.368863042960227e-23
74.0,6.620186291746661e-20,6.883164006982946e-18,2.4697268242900552e-20,2.7586795949842078e-21,9.101298557869167e-22,6.5831564454686015e-21,5.074753515454296e-22,7.24179559560915e-23
75.0,5.692925374610843e-20,4.597736082971362e-16,2.1829544613911295e-20,2.608468509941806e-21,8.646891669928553e-22,6.076187615267364e-21,4.924534486163525e-22,7.107973484880124e-23
76.0,4.933840943194373e-20,8.54414724275247e-17,1.9419269100741974e-20,2.4708680218297648e-21,8.238772852988854e-22,5.627285812700997e-21,4.782380452173454e-22,6.987242710678327e-23
77.0,4.3065389297078905e-20,2.798986034431861e-17,1.7376173948876156e-20,6.294318308241886e-19,3.937935480136447e-18,5.227391929048402e-21,4.646809248953354e-22,6.86942547357569e-23
78.0,3.7836208609277026e-20,1.5778100278492158e-17,1.5631140526725005e-20,9.854153367883804e-20,1.2561635086627896e-18,4.8697854039588394e-21,4.516402966000099e-22,6.754428873244397e-23
79.0,3.3442121822737244e-20,7.197079864645273e-18,1.4130286293924023e-20,3.6202903840190166e-20,6.458123347100714e-19,4.548463556565963e-21,4.392772623025348e-22,6.622428772439469e-23
80.0,2.972242555803719e-20,4.100900550077455e-18,1.2831110968600049e-20,1.8491455449372258e-20,3.9653167060190796e-19,4.258895835689453e-21,4.274548385819773e-22,6.5033110859836e-23
81.0,2.6552038085628935e-20,2.5672133175195118e-18,1.1699624040618699e-20,1.1322843277098793e-20,2.68343936374105e-19,3.996828516658852e-21,4.1614000869362293e-22,6.396772746628957e-23
82.0,2.3832457250487944e-20,1.7113124692757293e-18,1.0708721727658135e-20,7.78503465772791e-21,1.9334935113269402e-19,3.7587461195659316e-21,4.0530235076636326e-22,6.292706312176246e-23
83.0,2.148612297499943e-20,1.195617665263342e-18,9.836661994239649e-21,5.798273400283843e-21,1.456267233473981e-19,3.541951211763276e-21,3.9491378932448386e-22,6.191036390063877e-23
84.0,1.9450486418786195e-20,8.667855395097898e-19,9.06545518062701e-21,5.1165026583438125e-21,1.1338844104187937e-19,3.3437738793718457e-21,3.848507386433268e-22,6.091690496941901e-23
85.0,1.7675197488795208e-20,6.475618329414545e-19,8.380504601116036e-21,4.006940418409712e-21,9.060873933104421e-20,3.162291493841797e-21,3.7528777567289833e-22,5.974736634844643e-23
86.0,1.6119457000820837e-20,4.960229256257003e-19,7.769556060434486e-21,3.354170882670519e-21,7.393557941429363e-20,2.9955782133688936e-21,3.6590378237356484e-22,5.880223498870179e-23
87.0,1.47500199940838e-20,3.8806422134833557e-19,7.22249385312226e-21,3.551248261315916e-21,6.138021299073053e-20,2.841955457512457e-21,3.568805169178604e-22,5.787822742806277e-23
88.0,1.3539436605881358e-20,3.091611022958637e-19,6.730848431879715e-21,2.580633500414153e-21,5.170113509946637e-20,2.7001526197553794e-21,3.4829629671287422e-22,5.697472537449418e-23
89.0,1.2465083095010395e-20,2.5021158126874363e-19,6.287488863939541e-21,2.3036485845552366e-21,4.409060660251067e-20,2.568969498446685e-21,3.401333963591686e-22,5.609113328016876e-23
90.0,1.1507838004282001e-20,2.0531838787786778e-19,5.886379674189558e-21,2.092616356376598e-21,3.80046490089278e-20,2.4472578721142786e-21,3.3217371665140516e-22,5.522687730978156e-23
91.0,1.0651871420661644e-20,1.7055040794185533e-19,5.5223872289339404e-21,1.9220518639720592e-21,3.3066471804036166e-20,2.3343976535832487e-21,3.2460101669056303e-22,5.438140436634845e-23
92.0,9.884261114391901e-21,1.4321956068924892e-19,5.190927313832351e-21,1.78050306116432e-21,2.9008081256643567e-20,2.2292736208979944e-21,3.1730021377690356e-22,5.355418117054736e-23
93.0,9.19343406622393e-21,1.2144747456448606e-19,4.888437483029714e-21,2.867692665002246e-17,2.5634958663386642e-20,2.1312681314760932e-21,3.1025776259635194e-22,5.274469338999187e-23
94.0,8.569822454617603e-21,1.0389451487230395e-19,4.611770637033985e-21,3.971059714347265e-18,2.28030660366831e-20,2.0396476672340825e-21,3.0346098546221967e-22,5.195244481512119e-23
95.0,8.005264027347216e-21,8.959017577378892e-20,4.358113650969813e-21,1.5125874256109795e-18,2.0404295252622994e-20,1.953940626002003e-21,2.9650174845384346e-22,5.117695657866413e-23
96.0,7.492667195118374e-21,7.781798554634047e-20,4.124827882634139e-21,7.726450019493093e-19,1.835582462479332e-20,1.8737439631657074e-21,2.901676920632021e-22,5.0319132659623165e-23
97.0,1.160784735463222e-14,6.804261991137741e-20,3.909984765023436e-21,4.588220615384462e-19,1.6593623678432997e-20,1.798601112767447e-21,2.840456891486098e-22,4.9577588890348445e-23
98.0,6.375051905518613e-16,5.985895169905942e-20,3.711623772168826e-21,2.99173421016418e-19,1.506742835643565e-20,1.7276072539102475e-21,2.7812591749430578e-22,4.885142188566904e-23
99.0,1.60828691739927e-16,5.295557202366172e-20,3.528112143599303e-21,2.0803302520842356e-19,1.3737702383738624e-20,1.6612017734574475e-21,2.722992301519623e-22,4.8140216456542556e-23
100.0,6.205545524535423e-17,4.7091599631258865e-20,3.358012505906253e-21,1.5164780396321606e-19,1.2572555324621293e-20,1.5985498168903783e-21,2.667584695463556e-22,4.7443571367798155e-23
101.0,2.976649514921035e-17,4.20785426193875e-20,3.1999561914153118e-21,1.1462337308298357e-19,1.1546319390741863e-20,1.5394560998569589e-21,2.612951963899273e-22,4.676109876917889e-23
102.0,1.6337857686475318e-17,3.776706712510643e-20,3.0530199698700802e-21,8.916601024435773e-20,1.0637996412736427e-20,1.4837508565429723e-21,2.5610049682464254e-22,4.609242365419922e-23
103.0,9.83460577669696e-18,3.403867885910266e-20,2.916105036149348e-21,7.100644140487988e-20,9.830635549823487e-21,1.431090134810738e-21,2.51066809277199e-22,4.54371833451919e-23
104.0,6.3332110789489725e-18,3.0797514915913583e-20,2.7883231813740602e-21,3.0043452965177703e-17,9.109862211171162e-21,1.381252732070995e-21,2.4618725061122154e-22,4.4795027003030985e-23
105.0,4.29438417089047e-18,2.796609715878427e-20,2.6686845386709532e-21,8.736014579750955e-18,8.46408429810468e-21,1.3340373321605886e-21,2.4145531511936423e-22,4.416561516012233e-23
106.0,3.0331897265150136e-18,2.5481424530035088e-20,2.5568777791442645e-21,4.056693414259928e-18,7.883324344473494e-21,1.2892603888879726e-21,2.368648492388634e-22,4.354861927534903e-23
107.0,2.2145269471817764e-18,2.329179423499709e-20,2.4519670303919153e-21,2.2959816116700706e-18,7.359168603602242e-21,1.2465549242557057e-21,2.323114298577726e-22,4.294372130974827e-23
108.0,1.6618014600006065e-18,2.135422019188678e-20,2.3534856897141823e-21,1.4548695569309386e-18,6.884774236487025e-21,1.2060708909259469e-21,2.278884267886653e-22,4.235061332177431e-23
109.0,1.2762015481573e-18,1.9633256344141627e-20,2.2608165495401176e-21,9.927674217389715e-19,6.453952167617379e-21,1.1675652654052877e-21,2.2369106896325136e-22,4.176899708108064e-23
110.0,9.996345384151433e-19,1.8099107307352168e-20,2.1736959406816598e-21,7.140897838891106e-19,6.061775155438486e-21,1.1309092800919776e-21,2.1961360180775e-22,4.119858369981943e-23
111.0,7.964989836093784e-19,1.6727137721743048e-20,2.091701042644922e-21,5.343666424961781e-19,5.703542282396203e-21,1.0960836043144322e-21,2.155515164354948e-22,4.0639093280523763e-23
112.0,6.441896076176364e-19,1.5495905409547847e-20,2.0143510230611923e-21,4.1241682369379146e-19,5.375757783829524e-21,1.062878076457676e-21,2.1160290401133727e-22,4.009025457969493e-23
113.0,5.279076021968493e-19,1.4387772568370886e-20,1.941300769089411e-21,3.2629560609626667e-19,5.075130281309195e-21,1.030995600935787e-21,2.078608998342187e-22,3.9353279111756e-23
114.0,4.377026002210662e-19,1.3387548020592503e-20,1.872137101543243e-21,2.6348049406366133e-19,4.7986999132732314e-21,1.0006411702870835e-21,2.0422125399027174e-22,3.882824401326936e-23
115.0,3.667255705009435e-19,1.2482441954316515e-20,1.806773995391505e-21,2.1642578561355436e-19,4.543971247699373e-21,9.717295633252697e-22,2.0068012481349944e-22,3.831302300610987e-23
116.0,3.101621591909594e-19,1.1661003049279489e-20,1.7448504354678357e-21,1.8037770537393757e-19,4.308659816331612e-21,9.440794839314425e-22,1.972338550551468e-22,3.780737839997511e-23
117.0,2.645650024563478e-19,1.091381979249785e-20,1.6861282364371038e-21,1.5222804688574794e-19,4.0910465361820894e-21,9.17617427032714e-22,1.9377900696412267e-22,3.73110796181597e-23
118.0,2.2742373822621006e-19,1.0232285234758023e-20,1.6302897333566302e-21,1.298798550557175e-19,3.889338793596156e-21,8.922752130312067e-22,1.9051371706409188e-22,3.6823902942293893e-23
119.0,1.9688229701056203e-19,9.609584958125039e-21,1.5773359859902768e-21,1.1187967483950716e-19,3.702041549921978e-21,8.679895290776309e-22,1.8733328406992352e-22,3.634563126786306e-23
120.0,1.7154947338044072e-19,9.038838927281653e-21,1.5268832870650387e-21,9.719618391571631e-20,3.5278296939902545e-21,8.44602725049432e-22,1.8423468839979618e-22,3.5876053869975825e-23
121.0,1.5036953769274558e-19,8.515265048015668e-21,1.4789638759372472e-21,8.50823871177076e-20,3.365525549918606e-21,8.221589440304007e-22,1.812150477282362e-22,3.541496617888227e-23
122.0,1.3253128085446012e-19,8.033850839065138e-21,1.4332225223139935e-21,7.498689958717636e-20,3.2139803480304933e-21,8.007083360604478e-22,1.7827160937339048e-22,3.496216956476972e-23
123.0,1.1740557716806145e-19,7.590273380005298e-21,1.3896174931703776e-21,6.649737119075519e-20,3.072456424613766e-21,7.800020125592891e-22,1.754017431827273e-22,3.451747113139037e-23
124.0,1.044989077197665e-19,7.180612407350469e-21,1.3481143426191614e-21,5.929930775332451e-20,2.939914711429719e-21,7.600012052291583e-22,1.7260293487958761e-22,3.408068351809984e-23
125.0,9.342140511718821e-20,6.801983299785375e-21,1.3082948894865093e-21,5.315046443372537e-20,2.815802241868099e-21,7.409600288923231e-22,1.6987277983622465e-22,3.355212606694031e-23
126.0,8.386215770330433e-20,6.451272187499569e-21,8.615439123849928e-16,4.786228600538524e-20,2.6991429423973e-21,7.225389471477422e-22,1.6710959675722869e-22,3.3131577092636644e-23
127.0,7.557068027206451e-20,6.125894308940893e-21,1.0210043304617407e-16,4.3285671927328895e-20,2.5897277469006982e-21,7.048019224972998e-22,1.6441167919641238e-22,3.271839400833226e-23
128.0,6.83448561249235e-20,5.823350015211015e-21,3.399253733387744e-17,3.9301955381585624e-20,2.486801835651512e-21,6.878138153361221e-22,1.6187685252762453e-22,3.2312410058534696e-23
129.0,6.201936438100386e-20,5.541890668459831e-21,1.57722885511538e-17,3.581605332153306e-20,2.389866381304066e-21,6.714425526657855e-22,1.593028174759693e-22,3.191346313912258e-23
130.0,5.645850584444658e-20,5.279581769153868e-21,8.697104874295741e-18,3.275064976543741e-20,2.298469184651885e-21,6.555588517596849e-22,1.5688735494396042e-22,3.1521395642448796e-23
131.0,5.1550807247484096e-20,5.034677670752284e-21,5.339196112580683e-18,3.004268166093556e-20,2.2121995764795305e-21,6.402346512087832e-22,1.545280410477062e-22,3.113605430847444e-23
132.0,4.7203179505452684e-20,4.806001641954601e-21,3.528440787911411e-18,2.764017164900478e-20,2.1306839545409344e-21,6.25544931239884e-22,1.519248126999586e-22,3.075729008166271e-23
133.0,4.3338078737596957e-20,4.5919271570172666e-21,2.4609834784963033e-18,2.5500355890440783e-20,2.0533822493253147e-21,6.112644434885739e-22,1.4967662426770518e-22,3.0384957973375475e-23
134.0,3.989034305212723e-20,4.391259804676665e-21,1.788777283139066e-18,2.3587327467741966e-20,1.9803873174484615e-21,5.97568073911971e-22,1.474793802046053e-22,2.9919257944038736e-23
135.0,3.6805318125028916e-20,4.203123607632028e-21,1.3433344396076964e-18,2.187107091395569e-20,1.9112109565416896e-21,5.843333287823299e-22,1.4533150777783517e-22,2.9560841901611803e-23
136.0,3.403624327816866e-20,4.0264384571301235e-21,1.0359190846323411e-18,2.0325987798271213e-20,1.8454946289424422e-21,5.71539375968173e-22,1.432314960491834e-22,2.920841700924802e-23
137.0,3.1543802625882956e-20,3.86012142374638e-21,8.166037201240042e-19,1.8931143595982094e-20,1.783198475884117e-21,5.590685670814872e-22,1.4117789291847755e-22,2.886185399383277e-23
138.0,2.9294438794600953e-20,3.7037678956902445e-21,6.557560430231819e-19,1.766808793925323e-20,1.7240033403701826e-21,5.471002987628566e-22,1.3916930233391387e-22,2.8421214504556914e-23
139.0,2.7258904606091157e-20,3.556547924474576e-21,5.34997511184315e-19,1.65213096792761e-20,1.6676090611254553e-21,5.355170097274833e-22,1.3720438165843194e-22,2.798798921569787e-23
140.0,2.5412488944785902e-20,3.417695284455399e-21,4.424990427683252e-19,1.547730106506092e-20,1.6140292967930321e-21,5.243021161389403e-22,1.3528183918208548e-22,2.7661078136561397e-23
141.0,2.3733474412359835e-20,3.286604277737229e-21,3.7040291148718625e-19,1.4524497874629903e-20,1.5629929585755539e-21,5.132414601097305e-22,1.3330120773562861e-22,2.733949176376576e-23
142.0,2.2203212911824544e-20,3.1627218297117256e-21,3.1334537679174024e-19,1.3652789379023463e-20,1.5143423216835897e-21,5.027192418105927e-22,1.3146083763016305e-22,2.702311820478961e-23
143.0,2.080578924741947e-20,3.045342695326778e-21,2.6757676880677593e-19,1.2853672174338292e-20,1.4679316250232735e-21,4.9252076430774e-22,1.2965923557166027e-22,2.671184845842008e-23
144.0,1.9526757085741233e-20,2.934405552021522e-21,2.3042042738191926e-19,1.2119259959297639e-20,1.4236260049450784e-21,4.826326879399198e-22,1.2789529167549348e-22,2.640557632578715e-23
145.0,1.835384208592213e-20,2.829283431635917e-21,1.9992943957622532e-19,1.1443311440057125e-20,1.3813005376744063e-21,4.730423603614517e-22,1.2616793642120367e-22,2.6104198324586446e-23
146.0,1.7276189130090536e-20,2.7291897129559114e-21,1.7466440115098426e-19,1.0819501334091792e-20,1.3408393779982533e-21,4.637377741934509e-22,1.244761388671886e-22,NaN
147.0,1.6284250256615735e-20,2.634567566754206e-21,1.535449299727895e-19,1.0243298754414021e-20,1.3021349833524724e-21,4.547075277010187e-22,1.228189049585096e-22,NaN
148.0,1.5369698672691482e-20,2.544682062834986e-21,1.3574888383740308e-19,9.709869745248333e-21,1.2650874138076706e-21,4.458414204687388e-22,1.2119527592221733e-22,NaN
149.0,1.4524885714187507e-20,2.459229213247834e-21,1.206430122636347e-19,9.215203385959202e-21,1.2296036996207338e-21,4.373299411409834e-22,1.196043267449847e-22,NaN
150.0,1.374340809619746e-20,2.3778291101768273e-21,1.0773434831076108e-19,8.755639990676706e-21,1.1955972690308597e-21,4.288631751968446e-22,1.1804516472818545e-22,NaN
151.0,1.3019199265132005e-20,2.300224325302698e-21,9.663468828316654e-20,8.32811098170027e-21,1.162987429856462e-21,4.2063411765156486e-22,1.164172614191709e-22,NaN
152.0,1.2347233994513921e-20,2.2261756698634845e-21,8.703570481164764e-20,7.929888992855198e-21,1.1316988992117939e-21,4.126319232448789e-22,1.1482042523850371e-22,NaN
153.0,1.1722748150162086e-20,2.1557652816335087e-21,7.869029812728671e-20,7.558247618171481e-21,1.101561698202182e-21,4.050485618301836e-22,1.1335361824173673e-22,NaN
154.0,1.1141571346903546e-20,2.088682322863708e-21,7.139872845392636e-20,7.211121237018598e-21,1.0727112269146593e-21,3.976736806901386e-22,1.1191529233389827e-22,NaN
155.0,1.0599767796623689e-20,2.0244364171476277e-21,6.499858356897559e-20,6.88637449554889e-21,1.044885206045073e-21,3.904996056998717e-22,1.1050469779375515e-22,NaN
156.0,1.0094382067293003e-20,1.963249420474052e-21,5.935673938768257e-20,6.5820770336925256e-21,1.0182257461036614e-21,3.8351901634706704e-22,1.0912110991981088e-22,NaN
157.0,9.622193160290001e-21,1.90465833458113e-21,5.436316990126238e-20,6.296778852799614e-21,9.925785915912902e-22,3.7672492621824863e-22,1.0776382801635463e-22,NaN
158.0,9.180380999845139e-21,1.8486091947072694e-21,4.992661421752388e-20,6.0288873884682256e-21,9.678931703691544e-22,3.7011066473571593e-22,1.063329702995011e-22,NaN
159.0,8.766589192137103e-21,1.7950594789239673e-21,4.597087086997252e-20,5.777052772699546e-21,9.439230573276171e-22,3.635704182948021e-22,1.050275092841554e-22,NaN
160.0,8.378695656043021e-21,1.7437752385068298e-21,4.24319683783066e-20,5.540051060833717e-21,9.210233611358538e-22,3.5729777096877664e-22,1.0364688581258835e-22,NaN
161.0,8.014487948723285e-21,1.6946325861758712e-21,3.925592867496817e-20,5.3166707297355295e-21,8.989514202333854e-22,3.5108710165976377e-22,1.0239065512350934e-22,NaN
162.0,7.67233894533344e-21,1.6475158529164855e-21,3.63968877698477e-20,5.106100990802165e-21,8.77667814807038e-22,3.4513392027283784e-22,1.0115751517859536e-22,NaN
163.0,7.350488873216081e-21,1.602117913567606e-21,3.381596954059353e-20,4.907221884254134e-21,8.57135436943117e-22,3.3923182193955306e-22,9.98471551525679e-23,NaN
164.0,7.047327659839077e-21,1.5584422079261714e-21,3.1479833244415936e-20,4.71939027148787e-21,8.3731933045845665e-22,3.3347628718542933e-22,9.865970314980106e-23,NaN
165.0,6.761679105741047e-21,1.516791743489503e-21,2.935994550129742e-20,4.541736998806879e-21,8.181865434777656e-22,3.2786267795319846e-22,9.749365169672946e-23,NaN
166.0,6.491985854065282e-21,8.558631128242284e-16,2.743141916870255e-20,4.373558405550309e-21,7.997059926152501e-22,3.2238751343017055e-22,9.634847889983584e-23,NaN
167.0,6.237400367243784e-21,1.1437947459575153e-16,2.567309273455046e-20,4.2142095041805466e-21,7.818483377319841e-22,3.1714371549444095e-22,9.522367897461453e-23,NaN
168.0,5.996870582699086e-21,3.5956664453507474e-17,2.4066315565439438e-20,4.0629991861670755e-21,7.64486051017749e-22,3.120269726208471e-22,9.411876164257553e-23,NaN
169.0,5.769331553870441e-21,1.5761778508051984e-17,2.259492596467366e-20,3.919483122260606e-21,7.477941355474347e-22,3.07033166613201e-22,9.283395764781123e-23,NaN
170.0,5.553899013291565e-21,8.280558168777798e-18,2.1244798176072562e-20,3.783060430242392e-21,7.316464114068513e-22,3.0215834649271737e-22,9.157082176883858e-23,NaN
171.0,5.3497605161432355e-21,8.3237175085308e-15,2.0003548398445226e-20,3.653571812302847e-21,7.160194406505712e-22,2.9739872035535834e-22,9.052688142581596e-23,NaN
172.0,5.156069055143546e-21,5.374308452098206e-16,1.8860288434765788e-20,3.5303890237917225e-21,7.008910314850146e-22,2.926524919482857e-22,8.950094467799454e-23,NaN
173.0,4.972237678529025e-21,1.480316283931485e-16,1.7805418452134193e-20,3.413118986605861e-21,6.862401598483027e-22,2.881142829035457e-22,8.84925918208645e-23,NaN
174.0,4.797731418421588e-21,6.17682947273463e-17,1.683045199237731e-20,3.3011015746553295e-21,6.720468966678833e-22,2.8358248094481944e-22,8.750141552244985e-23,NaN
175.0,4.6317636264736925e-21,3.1742558157048757e-17,1.5927867686176152e-20,3.1946002856452986e-21,6.582923403324529e-22,2.792521550359293e-22,8.65270203813572e-23,NaN
176.0,4.473894142791129e-21,1.8514713613571994e-17,1.5090983165112688e-20,3.092999908190129e-21,6.449585539567768e-22,2.750201133470825e-22,8.55690225033982e-23,NaN
177.0,4.323720936421341e-21,1.1762779726302898e-17,1.4313847496184158e-20,2.9959119079140134e-21,6.319294944557832e-22,2.7078357529497643e-22,8.462704909588254e-23,NaN
178.0,4.1806801408158694e-21,7.948581395993663e-18,1.35909493215804e-20,2.9032671226821698e-21,6.193888297351093e-22,2.6673993975446357e-22,8.370073807873547e-23,NaN
179.0,4.044143685524649e-21,1.7928433321164018e-17,1.2917939686564242e-20,2.8146165225340464e-21,6.072203019853361e-22,2.6278596918783132e-22,8.278973771163695e-23,NaN
180.0,3.914112207902331e-21,7.113573931718683e-18,1.2290357259770119e-20,2.7298283647683036e-21,5.954092905980795e-22,2.5891900637656906e-22,8.17944843264903e-23,NaN
181.0,3.790014484958801e-21,4.4559794755992865e-18,1.1704376803939448e-20,2.6487853638804363e-21,5.839418855414146e-22,2.5513649277569214e-22,8.091419454534761e-23,NaN
182.0,3.671506363797028e-21,3.171214001224128e-18,1.1156555855084397e-20,2.571086176588816e-21,5.728048464134043e-22,2.513367630961762e-22,7.994859415673532e-23,NaN
183.0,3.558267647565709e-21,2.393758031596038e-18,1.0643691303484973e-20,2.4966443674806685e-21,5.619855642141983e-22,2.4771692137955836e-22,7.899736586584479e-23,NaN
184.0,3.450000163013336e-21,1.8717962362745627e-18,1.0163079248378268e-20,2.42538362282502e-21,5.514720256329572e-22,2.4417438633241096e-22,7.806178848786428e-23,NaN
185.0,3.3464260044599265e-21,1.5000466185401855e-18,9.712183722897137e-21,2.35703844399745e-21,5.41153048713475e-22,2.407069526519347e-22,7.71402193303349e-23,NaN
186.0,3.2471863093788206e-21,1.2248152936944685e-18,9.288805344416198e-21,2.2914553208859292e-21,5.312180700097888e-22,2.373124938646616e-22,7.63322940524735e-23,NaN
187.0,3.1521409764262658e-21,1.0152386116561006e-18,8.890755610024165e-21,2.228390971816306e-21,5.215560346183267e-22,2.339889589437155e-22,7.543789682630359e-23,NaN
188.0,3.061161795134979e-21,8.521450694599488e-19,8.516136442600985e-21,2.167911296611115e-21,5.121569991124642e-22,2.3073436909514087e-22,7.465628731380441e-23,NaN
189.0,2.9738370538967727e-21,7.2296450327605125e-19,8.16312048090789e-21,2.1096897458883222e-21,5.030114688825311e-22,2.2754681470367247e-22,7.388688327791766e-23,NaN
190.0,2.8900702095882313e-21,6.191205202452773e-19,7.830330629898073e-21,2.0538077671810905e-21,4.93911205975364e-22,2.2432501339881104e-22,7.312942756587148e-23,NaN
191.0,2.8097748419620703e-21,5.345780082068686e-19,7.516226262623278e-21,2.0000536234689194e-21,4.85248378944058e-22,2.21267064314516e-22,7.238366986448483e-23,NaN
192.0,2.732577715280943e-21,4.649831211263135e-19,7.219490356155247e-21,1.948322824881708e-21,4.768129899390022e-22,2.1827079472341456e-22,7.164936648009424e-23,NaN
193.0,2.658515915845257e-21,4.071292922003701e-19,6.938916680951394e-21,1.8984172797163527e-21,4.685971143951941e-22,2.1533454431361096e-22,7.092628012680013e-23,NaN
194.0,2.587236743620639e-21,3.5861299753934145e-19,6.67329913058645e-21,1.850445014207791e-21,4.605931701468542e-22,2.124567087707969e-22,7.021417972266956e-23,NaN
195.0,2.5187968380463145e-21,3.176049537717051e-19,6.421822571197965e-21,1.8042183264857827e-21,4.5269430076479585e-22,2.0953658926240347e-22,6.951284019355262e-23,NaN
196.0,2.45286004631778e-21,2.8269401268367574e-19,6.183452345371311e-21,1.7596551938839407e-21,4.450933497763136e-22,2.067726249554129e-22,6.872218017300993e-23,NaN
197.0,2.389401160782767e-21,2.527787545917078e-19,5.957328800149553e-21,1.7166782830491886e-21,4.376834612404446e-22,2.040625418127184e-22,6.804275142249834e-23,NaN
198.0,2.328300159584418e-21,2.2699010251566777e-19,5.7426596975446204e-21,1.6752146356582521e-21,4.304582569655155e-22,2.0140493876005058e-22,6.737342779553151e-23,NaN
199.0,2.269543446911616e-21,2.0463520932544805e-19,5.538714095282257e-21,1.6350958499857527e-21,4.2341162300911026e-22,1.9879846036813165e-22,6.67140066925579e-23,NaN
200.0,2.2129248404081996e-21,1.8515773987120495e-19,5.3448168561310164e-21,1.596457223970375e-21,4.1643794890844976e-22,1.9624179506656993e-22,6.606429063842943e-23,NaN
